x,y,z
6.7893532869734035,7.911062026600937,1.3196710092090236
13.1389229705417,3.389519404630818,4.2048535458917815
1.2942333269774273,5.641749904819305,9.688255043062178
18.01553696435321,0.29702043727797495,6.06383075425272
27.00255985331689,5.320617948068133,9.75524404817508
8.960222297084181,12.973412540682649,3.663310781907485
32.82306629034798,11.652737155182999,9.923965052225817
7.656631279373066,9.732128589353378,4.890382450311578
24.411557702768377,12.256765531550741,5.214370332715454
4.2115308256914465,6.588478730705397,0.1935115839252044
4.878425654708777,3.5217683840931007,6.949656312862697
0.11157167749426208,1.0871968446169116,7.032116779890636
10.187822901095549,6.996014497177553,6.534947561579467
4.459122445116563,3.6507555142517534,8.557387680102268
19.211371813488395,1.0342794031088687,6.966780644022279
1.0692375844755106,1.7844072707254885,6.953636842172286
2.0841383502210675,6.334664787518389,8.280248293980991
27.477325977598305,5.070455328154374,9.851721008657876
1.7728667172270298,3.244113952548131,9.159504978115642
18.705527412030122,19.552678264306863,1.6163131429041755
8.687005982688413,0.896627732379497,3.327997057307112
1.6287756433314584,4.628040118982938,6.61866154684903
10.971423922930638,0.706805023992404,2.408898680380518
24.978779199549706,24.158383259762097,6.836863293386283
17.36127738867733,1.4497450528868234,0.5413599561534077
5.863451473938481,1.1592443936679993,7.397233453617083
7.097945041567947,22.104478648745346,3.1342038662214455
4.204112323318111,0.7606950827471568,3.8137758022518584
11.258934809740184,5.6790185529662205,1.0342352438257618
2.8870098983262777,6.089340644402803,2.7990794140064668
9.857695886075408,0.9305046322886846,7.788231403011425
0.6314371674525164,5.156613310071237,5.18445218072681
0.023458409170260024,5.139776221952218,7.33165083441988
10.922712138188093,1.219645169361691,2.2036485190941892
8.662456839538104,5.322880582116181,1.7096913958361948
39.7865824886463,10.890054511926033,9.284758077286748
1.9095150132997798,0.3621836951274585,4.879312399388058
7.189920350436098,2.840318087059028,0.7360450467979907
11.416702878028671,4.642085540881572,4.703606689836983
5.174572369424962,1.516114365776155,7.153832137160862
5.824052514538357,4.942810709784968,7.759065977556442
4.894922222983892,8.853753527436544,7.166599489773725
6.037589561413286,0.551324914955255,3.809801713161205
12.61714613960338,9.66877608234033,5.60482069539532
14.868533477162053,1.051865682596669,3.2236225743033255
31.629366669110702,7.176574312170603,1.1051690804650771
4.721635344038205,6.903614488551173,8.852206439133191
12.270876069517858,0.7278585427766808,4.104220195296446
28.44095553961576,1.6516540195201959,1.5642756202383579
7.678423070750656,7.9298302066138024,6.65969825558008
2.1638908971450297,2.069999309750134,1.0539557414752965
1.8705599508284887,6.442292967050534,0.7814563768618055
1.274941649255838,7.203573848124298,4.060138220928006
0.4799571907453854,0.5279582085931016,5.4666047855098965
1.6698544061723126,0.04576097856877976,6.404142394440754
2.2630874004645993,2.7351965763424553,8.146645022076562
4.650163901552979,0.6653168235462397,3.0734315952178726
14.07918186415477,1.6959591532260851,5.633187579519895
3.9205067866371293,0.524104063248076,7.403590197392399
2.5029122383187596,0.016905418269541478,2.5286352153882676
0.40567018749643724,8.367845265561824,8.736705651484591
3.8496754922112686,2.248302116169758,6.8247651820986635
5.006610665578492,5.583723576722771,3.73399889513788
2.1228545144778104,6.684702517263419,5.511287410871648
14.170469541380712,8.956052761954858,6.874323201773045
1.510660582976118,9.18685497214968,8.862055792226824
6.841581893961251,0.027027454629315356,0.8743196914777185
1.1688103604700304,3.3432189871423788,1.0030312363453464
6.745475610244771,4.933674158718005,3.353990516018661
18.545071481070803,13.293564415530753,8.364610828531227
14.886598113182254,3.048728861856667,2.610048846952131
3.5879087828301373,14.910967032811158,6.637891629320682
2.4001261269891443,2.9378520190359643,5.890172425959509
12.093932745245546,0.8576236780769869,6.418261319598581
12.022739379300901,0.6555369028039203,6.523076336562149
1.2180907600569342,4.492723130531935,9.624730889026464
8.256406081327675,7.95228970396151,5.524908708891262
2.28754607065285,2.8103811972998343,8.20994691897629
33.11985049799455,2.3946901136710266,6.331454092197816
3.0178574942998164,3.3123378527664125,4.889268905647296
0.030636836357565533,6.7430122353968525,1.6971206765064561
13.346163229566269,0.3856930116109707,2.5590194929106334
6.94670018273967,0.24279787350459411,6.655610492387077
0.9889248226350276,1.292002674396842,8.720707623623055
2.1036292764251137,6.743159544198334,5.6168276215730835
6.260583732922411,4.383542147896956,9.399263388109699
41.93190305415694,3.4412735404477446,2.7563333808142874
0.9256341567415144,6.712432701584685,9.850296687281068
10.606430650460004,5.11864036994048,9.87249117904446
44.543608814244344,2.3258007551946154,0.30178946868209877
4.761798337189837,12.855274314622571,2.2847642435492386
0.1538840440642283,2.1667916149479023,7.663275694168787
1.1427141471678086,3.213736700912062,4.562416358323159
28.88473105958578,5.000854655167501,2.550231269285246
11.937834241676091,0.8764436897376426,5.404711322274873
0.7747671168848758,13.021064628394882,8.423123930834016
13.005711135113211,9.829062761421156,9.440238418367539
0.9311466254587957,4.550425837306173,3.16417267010337
31.220483248623026,0.19232259610390562,0.8972007607789845
14.27594143980844,3.0009971563593956,6.812809445903466
1.6128096606300812,2.8226363487663337,4.0521182374994
13.127075547172604,2.5944043360175946,4.059556299550008
8.948066364664205,2.143407884499947,0.6471613143330146
16.615454808778484,1.7441957226899119,6.208912960250281
3.1220853611587525,5.18450960771098,1.1106613035137258
11.223564995277266,3.5824838850651903,8.907947294219099
1.7185470298497327,0.11480054384184912,0.8780245178336787
20.03358183798554,6.978303590048835,8.218617664597454
0.8137581421942296,1.1818923202288663,7.082706712787683
21.21886445130866,9.163203006446224,5.485129064431033
3.72224530433435,1.0758569392811566,9.440296825457471
1.5407551553225098,1.1743003106541146,0.6169218431443135
0.6890471820530901,5.011346133039572,6.02960487729388
4.9632258520779455,1.034053614572302,1.5748734187847746
16.248710580062095,0.6218574050157548,1.0189353978358662
10.887316376752171,7.02430122217509,8.721015476698819
8.818931654527413,1.1052550717934682,0.40655437672627803
11.208762167030983,4.083235007014202,1.6433052823425254
8.017713263222408,2.700771262115264,3.7085421546581756
12.083013298288298,5.309171763284959,5.13293991742981
5.342281212010512,2.4387733172535926,3.3995946558950063
0.5753890247449269,3.608673884926401,8.905082228851157
12.456920955198324,4.132473019635868,4.996601568001453
8.706700988903034,15.370772525258968,9.919080244532946
1.9448555324145729,3.7507669593549773,5.960700142614171
54.416478876077115,11.310484971502955,5.606314563187267
5.323436134175369,12.949659097211882,7.509491144182499
3.143468727099028,0.15817729702106237,1.23651292092248
14.267984952889798,1.9247029346325357,0.4173863254295851
7.5288821581838405,3.78519981603001,8.068881003365115
8.283388642427182,1.3626926567559348,4.481433138802917
4.023969178273235,2.891281136358945,7.649719296566618
6.602200294411901,5.611385416240939,7.954404662116838
7.266534967722732,5.293579215658772,5.819207007672526
6.280084991498931,5.997679121619711,5.104655211954817
5.592339897789954,17.94069449379631,0.6910248160458421
62.67993487442596,4.559155008488187,7.349463432074068
10.893329302291333,0.17507075601787303,3.0128315464327216
0.29837872498238616,9.559238292210342,9.247974371232715
0.11729038973434575,2.11576377171187,0.31103891515982585
6.243688789769481,4.710093250424564,6.2709089032334075
1.457279722775945,2.4915165705780846,8.132167883763493
2.6570478294594935,2.987770872827241,5.6012818351275975
10.569716339276649,3.3809795624757193,1.9114495366067163
6.3098209787260195,13.173778148328026,5.204543589848224
21.62974756990081,13.635653333107612,4.191625517161189
15.925838047671075,0.5983725650404603,8.883335605375981
4.996945864793294,0.717820144880621,0.6902914286714512
9.161418906476749,1.3834381781005787,7.647031161363965
6.178755446203605,4.778730858155079,1.8013467568124852
3.38552665847721,4.047437670579838,4.159395839775545
4.571228774781032,9.508825785187828,6.554975667581887
3.546743603713431,5.609891209487441,3.887324767492051
3.540458371579222,3.000041068196965,9.00084562495742
1.8203861965047357,5.709996746680841,9.502509931067152
6.494718353057079,11.759532660568473,9.220853990606736
2.0655084796554983,13.995568770355524,8.96066617015169
0.8696571131600804,3.779927886901717,6.423868358616369
7.034125996231379,0.5904970918246215,0.552820430881551
2.131431224417258,4.638637174688864,6.936083830542506
22.572037420347833,3.648488499815052,2.8267948533431673
2.276203221064387,3.8801172381002065,5.635506613201519
13.676569108876597,1.1668720882620929,9.834871920470349
2.4231212795218866,0.20520640929588835,7.032662906170932
18.01209642557083,0.9380615951224548,5.7010167343578555
5.740358793922061,4.008111070720794,8.193356045615822
2.2489464892405175,3.1629433228341206,3.6166619870269
7.766057807758907,0.9208672999934348,7.7367560551732675
0.13151458478239714,8.624865769750448,1.63261023108487
10.629405298124478,3.504290034843738,3.880959403747428
7.216093458936134,0.1205278834256244,6.777353154734836
29.076934570641136,2.820947449882566,5.5395356981741815
19.047218959605093,0.9321570955005436,1.86123099232408
22.1044300612666,3.496971250941902,9.154171049303933
3.7136813726733515,0.2270398080226628,9.864700243980227
22.391860423600598,0.3126342910505173,9.654245577923628
1.734995914012247,6.483264287417946,0.6617672425389465
19.285879095968966,15.720749698353734,4.352158730536358
14.658044643751872,3.9256808059439368,2.3241367068814887
16.46279069874349,2.237253291626326,2.3554128827236864
22.104282638645056,0.2193462728891889,9.305490523433006
4.872296643377878,2.253889662047114,3.5690694324540786
24.631595073016925,1.0751708520253962,4.46636646756744
2.0825600887341773,0.4727897836098758,0.5901909542224015
3.706674901377896,0.957925756212254,9.071338379465981
25.490914367184384,1.3811495220183572,4.112178755252316
4.692315129280199,2.6994577411896596,6.590932457029651
5.302435252163216,4.267312871072138,9.687285608714859
14.657635728360976,0.3456623599888674,3.711127060721048
11.235920373085513,5.4691154571865415,9.170922235299715
7.771432546276918,3.8103051561349344,0.509291885699118
1.8145273077046318,3.8998195215423497,0.20993168949364427
30.859902369337995,10.261835901792349,9.736051439658976
36.804564311797314,2.704849949153589,9.695909192570356
12.545047838330232,0.12957437165312982,5.78721174884461
4.171987320821709,1.9972242048082567,6.346660418134644
6.901432868317866,2.237365921862227,2.8133682582099393
8.559291518650355,0.47947143875186715,0.6486208276707117
3.5038672244689235,1.4627102214254417,1.1682399812274147
9.539818374651588,2.1298454834779186,1.7430234386598265
23.47656857319648,2.262320698993085,9.129127202651638
1.5463003963990805,2.415286472887509,2.672017706935682
0.8523986215374602,3.562853171099698,1.6572621620192918
11.507374296738497,5.691283394406473,6.506411393864678
4.37162370169993,2.5441858362266565,3.6541654838690993
23.715482504589332,9.592411886972691,0.7723864708543904
4.95460988700048,15.755165181698437,4.342104584340154
2.694740643069089,2.6594823919135924,7.2032914967558135
6.4719415714700625,0.7396200141461775,5.471007365008308
0.22567586204883247,7.003006001643169,8.655554150545399
15.244109775497918,0.3145093905354561,3.3643558815226093
3.735132426965238,7.108463422541029,3.2740168943905767
26.12909958523296,3.0336307422140063,3.012919627626692
5.232419865011475,5.70479090096562,2.6394095695872255
6.267488275446529,6.837937992545555,0.13265510918130885
2.7375082249796083,1.3073310916430656,5.753224111737617
0.8967067418919801,3.3590383229225482,2.7820324802617535
2.496034407269013,3.381352315647338,0.6308470930904875
1.032038362533502,12.112353517883108,6.923725275816473
13.875468081509599,6.357423392344291,7.741001364494487
14.323779402631423,10.502008636193292,7.042965226109239
0.05247711328268381,2.826581279521863,6.732585856826022
2.7116193689607773,2.799864629313789,1.6578374311380095
62.441157601673474,1.9925773222151473,7.79830055745268
15.439565938349434,5.429197862890039,2.9760930100205094
11.801983698977539,4.351225364830283,9.606916961388375
11.191156604136998,5.711032153160106,1.0526004903830721
10.794297408840665,14.91750812638074,1.6190589926659393
17.477904564808235,5.238184216544171,5.444703761746292
27.660828995079253,1.1288926778459731,9.689152606230296
10.912654524125054,2.6462624652172586,6.3161277352567735
15.487211595650404,5.751331688597777,6.188995918703911
17.130019543256953,1.0201572365518023,9.559432901665165
0.2342568915173414,3.3653007989642263,0.458322582419759
1.7081514826199882,0.17715295519429036,8.298708644434395
6.391548034922816,6.800926647566818,9.372801212651643
13.062785108062126,0.3519263168963677,8.145954259887864
4.969116230418464,2.1670946617381723,4.186508855574341
10.681799108559428,2.8846625916371105,8.637477478266307
10.696130000012102,1.4864189917396222,0.4796219374431743
10.020720892589605,9.401028990694279,9.983077779616313
23.573215149039022,12.068071621928887,8.080752554354515
1.6207489705903166,3.299693373951719,7.699070940583735
1.1036566028000045,1.860352395274708,5.947601419917782
5.983827512034392,4.470404279221651,5.665956584584824
11.552737477784286,10.15753225894632,5.727109675392462
9.297917594048663,1.021684822394192,4.290842225642527
6.568376054937555,3.710181103889231,1.2782543359272402
55.76609965310868,7.880606762570926,2.3209744454441417
6.0186099572471115,0.4288512092066094,0.643159371935027
17.995505064404067,1.5501245050303054,6.202340603988118
4.834639539324908,6.494519612168349,0.5455178473825884
9.140199333079313,0.8124198565398644,7.863044653207385
21.038958003794335,0.587002879481271,9.385631748599534
1.9774239038619232,8.735000606339774,3.1665594445685175
4.896838746849212,2.1647886265791882,8.700610666593523
6.591164936532634,0.3190959372406821,2.9611099816297703
24.480055172134882,2.6424398763688846,1.9053704984314879
12.79731550877906,0.34491111579627204,0.31729984529046296
15.121830710303035,1.048416080770476,2.5458883963219527
3.166367419328746,14.032246298408893,0.2171083045543043
14.053463833706294,6.551247004781394,9.80092669948975
15.119806094231727,1.5770100006314327,3.3492652039604796
0.005621682903307557,2.159410737556738,2.256985313497719
15.905959098860281,11.33158302742929,3.96506647092036
7.375279642089768,0.7596127418231163,1.008816345067326
11.733242615208157,0.2758874653942637,5.019312592366939
6.388561284256978,5.459816177837809,2.2046631026927086
1.7144351021292192,6.246284070288483,0.38150822919747807
0.47373596752109803,0.9254125011008751,5.310060907344645
3.8962998401675857,1.7782021191807027,0.9526701910821245
10.192229814242182,5.039044459185962,9.498851202946122
26.891453121646013,7.831872049862339,2.673302083216348
0.48836464800032625,0.18309148849377477,2.518597719862502
6.535680213124845,10.2936055461917,0.8596912249833544
7.887155254367771,0.48790516399630135,0.431060417230581
2.3832163305472878,0.8738865932645283,7.096566982855615
11.319675560677725,0.6306818994915931,9.12719255376662
9.607337438024025,1.3998068322988766,3.7116384333739294
20.492000725986628,8.736951563616088,4.675793111307907
2.588399069848746,8.026704700235822,8.154102068205377
4.6385096338172165,10.63855045570175,5.0681247335018895
21.891288983644653,7.033524184576951,9.267537540223854
2.0155352244776568,8.517810372289148,0.010084980161153556
2.2966221359024224,0.8481972799485211,7.425893507702444
2.7994062276986673,3.0993150415206685,3.333480335834149
21.148665242792735,5.22887539922014,0.7791920666955965
8.48728175403342,3.9961187963214106,9.396672745108821
44.89189450375173,5.827836976020484,8.107047922059811
19.95760489347587,12.151160704828861,2.1190841061248875
13.992103072078589,2.599823495334357,2.2315705793245177
25.011079009236475,0.863139094890143,5.1934477816030675
1.191113686688699,2.7059325990174887,8.12063607269181
3.6227157981117535,9.671679867864903,5.831384505502063
6.312482356770194,1.590992392991712,8.919672598305707
4.063123688604307,0.7128026388160037,5.47380761708969
1.2507180867150858,0.13161902049112742,4.825102295422344
8.923873583004779,3.8017199782173225,4.14753335321708
7.155344604646863,3.466063588302299,6.959823982942906
3.1255292312951957,1.444160961730665,5.574846745976982
2.5137521534094365,4.158418926937173,9.579038247700183
22.46739600248779,2.7493897714047053,9.0819940692433
9.346548726867258,2.257825149623507,9.329948144259843
7.97105382764845,1.9976016988969556,2.092131737939633
16.814845695815713,2.1133878674574285,5.753128965411435
18.120363345831546,2.319366663198919,6.452364026375751
8.451166386666152,10.735448045684794,6.333562127557619
23.597103849740883,2.080098757545195,6.7649445213999435
9.879050826268566,0.8256966213876655,7.6787031276397
3.516331165749755,1.9817204408272846,5.78274583703629
11.99634287607526,4.77032408354349,4.33392683988891
13.045227236202582,12.781014287408237,7.527217192864083
6.955178575161413,1.3514924162964614,5.556212912197055
20.254472885503567,1.026390962744284,0.5826735229482771
18.72968465338635,5.1162988492161645,7.357018461510885
15.796909583395387,15.01914840027441,3.328827321731075
14.7045665687872,12.732741091455953,1.233023716821755
1.2998964510707836,5.526751149451919,9.021085554400791
7.096744576244412,0.6257693829739117,2.8412277287105048
1.9050975178722283,8.098613754832577,3.0086498181774433
11.457824579580468,0.5688557572968069,8.470904312312257
4.817608502269383,0.4937648186527701,1.9433365742708475
38.903980597231076,1.587687547884395,4.408246532178347
22.12229723407495,5.430587972694262,7.060427790362672
0.2575849043155964,18.77709077526206,6.691532573988104
2.0853293356661413,2.1514916424596766,6.082718673984505
11.528283732497343,2.2200420483448187,7.018758541034816
17.88847351229956,3.3898177356484553,1.3189043957894564
46.03232232582947,17.396701412321637,4.717327425708229
5.047939553751042,10.684500087980545,2.4778282908867766
0.3425350022819012,13.267546669206071,0.8309579637435993
18.394816066637794,1.3674175593429185,6.27441324752777
0.15341583045298243,5.1649658420844204,4.59046229036416
2.6831817057081637,0.1924374648645808,8.620338071188257
19.20763903062226,0.8483836192822796,9.562959434894523
0.06789609500685924,2.0402565282851963,3.4822114685473204
5.546147848946528,3.751078356911271,4.390859483872659
1.0918972187297113,0.4129421601344188,1.4060239866583846
4.612159561676708,0.9511762241597175,5.848146868907179
18.711478870727838,7.029356219224349,7.233948887557594
0.20489300691197723,1.0123216791612597,1.6216505852825247
9.571049283275974,3.280775719056667,3.3537147257759035
2.501691477560339,3.679436679846919,7.576198888254488
8.906995510981817,0.6370635001002,4.581425206369051
12.10050847677428,10.51259706045413,3.5496548134291395
7.317807837227804,0.2058927739901854,2.4630344366950094
4.2649688579340745,2.8812086603106213,6.441950184693097
11.694247485577204,1.6430948425816871,7.507801027668663
21.841529464497114,1.101857925610494,7.026425486030158
1.5269235076301646,0.9368399050594187,5.965484990347825
16.338273824156502,4.332564237567538,1.5355575099650898
2.203766463631354,3.721648357839831,3.4599991497781835
1.8533407528634172,2.401872847120087,6.8777060563165655
12.150639829354347,4.264456566497068,3.769809142631826
17.253357636290232,1.1365792678460627,7.740146790315049
8.534439440472713,11.447105027706755,3.240725550248235
6.489206673400657,0.9156357643458128,6.532217899876731
5.959017797935586,0.5570734214858143,6.339303112873495
1.9584173658145887,2.4811439861449354,7.169893129798066
2.744967526953265,8.472074674089653,8.498102972153418
1.9120039567976186,3.731789236141214,9.86570510376825
11.22167424457593,7.647826172368013,3.501237459975356
6.245123909417833,1.6801292414110522,6.161081219827485
26.458523309981686,0.7680724827163987,0.6125164433149677
7.7155087821932,14.898701154617381,5.836394935449661
30.43812700792998,1.6086048496057943,8.647751597995793
0.5773352198511514,5.269643873424829,0.7444593339884553
19.01807632694957,4.747588793920669,2.577783023540591
19.981440971469112,5.2581318983182,0.8628095966178662
0.8280330789665685,10.163190920197462,1.1656043015829287
14.427848622029664,2.043328311667569,7.875444468390117
22.310894039399454,2.834044770810838,9.915534388978715
4.775809241036975,3.585086962337516,0.5993498875169634
2.311969315489312,3.3614307592003128,9.22586768582715
18.95794823745001,13.377976519526364,9.869597737775864
3.9817796859814747,2.689817559241802,3.5685614836736477
0.5786099857366072,3.3817876338805055,8.794738732760173
3.866619534308607,0.7351744725952103,4.535966345207063
29.005755308987666,9.966755373245961,1.3026009016532603
3.439517291398673,0.011582994211803735,5.682346106458911
8.231767044040172,3.4268799430334185,3.3448931240488444
44.75453010629658,9.906514870349216,6.021428904590993
1.514195574433287,0.5211086225861339,8.74428605683658
3.2614909019679947,6.932142342932322,9.828867084262857
16.26917928895283,4.807553761789522,8.521865505475704
6.312385545065158,14.50017491541076,2.9662501765680993
3.260469474862597,0.2543312025399054,7.136497776997234
1.0822412992027792,37.23242728785976,1.036391484761523
8.712988858340013,4.592588377610211,1.2565594985425343
7.927684405250019,1.8023283736901174,3.066414129536507
3.115925491536023,6.359389075184724,9.650060502888518
5.483358770814062,3.464143344236432,6.889662067056288
6.987684568344515,6.613340209390545,5.015221537793316
35.26831680637982,12.846225065589557,6.8196096396898485
4.084739802496449,0.025457456564142493,3.768003341612861
13.622630606430935,0.6391630771939947,2.4581373452323008
19.270792671318354,2.7379280719907726,1.3865000872068234
2.1839127570119237,3.2865438773203666,5.348671043858781
0.9425273941075017,3.0068899278365984,3.782294603379145
7.41126845249401,2.7513412772213415,4.47109240059868
14.367619909191049,1.858132632763949,8.090514275749351
33.19441756874431,5.455413556483309,5.001328123205274
11.4105911333506,1.2167748646264225,8.97247227803241
0.12212023453058495,14.682670840045839,7.764214531364062
20.374736975779758,1.1670054795922178,9.263563682257775
4.8218463460681384,10.97026489914898,1.31467502106684
24.0123444130693,0.5311141207572929,7.095743119203915
12.04550168095327,6.276373329737211,7.18662629930723
8.17694878645182,1.5092448734579507,9.83099976429853
1.5407630544202544,12.460435686865502,4.897056376709054
5.746154801711559,6.8062609218551735,9.645903987933051
14.88879317300814,5.834482251867459,1.4978227145006162
1.0214269275988954,1.5404440291403079,5.2658058100611544
10.357550422660067,0.6568530266685673,9.798418571455592
1.1458510139204738,1.0516786740360693,5.466403656407257
2.663777780110662,7.699063158566534,6.78796304005605
5.299756414883915,2.778110128165107,2.9633304590033918
12.809875899658609,4.2286447542887675,4.221902853457758
10.668929600272413,1.589103355486464,3.3627107327915717
0.5515151227421485,7.862269357046615,0.38727043366438285
1.0807435963338246,2.601268805615443,4.655708479902028
0.5239119886861975,15.657228730053504,4.325157544032509
0.5126457540980511,8.12869661769351,5.614964598296912
25.50868595189022,2.279234890505846,2.171907080647885
8.88373740549707,0.9446098607670859,6.331008441577028
10.25541863218469,2.9133148251864682,8.94937426596741
11.084479302796097,1.9727538464183312,5.458385089560759
11.823876862922507,6.382278609829852,6.006617620160202
0.8984302445846719,0.8189381926258008,9.93943208472825
31.718045996603493,4.1261882670328225,9.72208301284516
10.560715891390018,1.197206494505552,7.4168140508525084
8.352354475938444,2.588790797587282,0.7753562582323636
4.358850486489181,2.937903081962597,3.2064042586676287
5.528652826445785,25.85946170084934,0.1791348642854318
18.68293690569089,6.861860264694355,8.376877748449811
0.8023796374467929,21.080978200714124,6.380541148625131
4.408044466577977,3.9169684407715777,6.201981242670574
17.72781307085925,1.6286901462084835,2.1912613602309428
9.381039501650307,12.221917229535649,3.340314712244438
29.009208695329672,5.815113961556574,3.926948029709736
2.5971011791769936,0.05997715473524494,1.2114311912608366
2.2607176073177198,16.478731138555986,8.164943361118596
2.1007123793951843,6.5260997101323515,3.658379428159737
5.581800439969302,0.8849231145964231,6.55800795837064
8.75358865485851,9.772486828449008,3.7602840871962986
9.79852442949751,0.7781370587811088,2.774201410959616
10.035630204040501,0.39340952314709626,5.537521615793729
0.8466958350274291,1.7666204235348748,9.214194627548675
6.955468361795763,3.642668245792507,7.4681105761951905
33.556408095132724,10.008495393718434,1.312634505239475
0.9613600635132903,15.637640620969112,9.762555529554218
9.579748031250642,2.182197834565844,1.0842894314199891
0.8089056188593023,4.299282275823815,9.03034483719852
27.33746266079684,0.45824719440539574,2.9202704307316276
0.023472244532584226,17.39748920706642,9.844302983642027
7.140915702139602,0.694534311809425,4.4004869015426085
3.055546640624178,1.4580535833686263,0.8828354313206765
27.782153159413404,5.245401458962889,2.151641732036654
4.962335443661715,0.2503295327035646,1.1697728572546684
6.953271838999444,4.5498419589165335,7.278165207571466
0.013999664465624997,3.113803902818935,6.754720863117557
9.969559791561398,2.8418700580627663,3.1000759803886724
3.1568011439291084,2.880012987187664,4.368144119678707
5.32819827243181,0.5380866795682707,7.92768722399768
14.927150242520813,4.860238436981421,7.184273171943165
4.152425292817246,1.8820588653299524,6.2600542401021455
9.09153450950149,0.5450452026156016,4.9451960379848785
14.624636574830468,4.141964683013496,4.758653874359315
11.517680463853123,21.294637617947245,1.8861678829834516
23.264351537272997,1.3668129364046864,4.130912596468319
18.674387252878674,1.1461165705162821,1.876073636207286
24.888144300277446,0.37769508777238947,9.784450947087603
14.361074635043348,10.623232490037006,5.52525526039849
2.0686572583440572,1.7631874714695115,5.76369978094511
2.758767670952346,2.0556071858959095,1.8007642362163778
16.74537944158354,3.5560091435569956,2.714821466108408
15.47781559801277,1.2889537061449754,6.124967444006765
3.509949804592905,9.884174519632873,8.952551756678291
4.743116376302109,0.49959188822094663,1.0513575440807132
2.0151942105182763,10.12266433630209,1.7137815112446275
30.527165441791546,1.4534221408299228,0.4121819894984491
11.74460418494884,3.8434189001303363,4.290133725500458
8.465986012056668,16.635016251361673,3.451092754110837
20.66905157092483,4.1845159826339975,1.9342982683335042
17.512826031828844,2.823615514686888,7.719147569786061
20.900668223822805,7.669280665833055,5.746175469583074
2.532826165376363,0.8041304744159898,4.471161295879362
22.06488324222528,0.4467666999010489,4.297420781208893
7.193983229947506,3.147236973915262,6.5883190005656544
6.97334436126099,9.506676918989763,4.607558873807783
39.52698500338351,1.303553691006145,1.166984857321951
15.663437044536506,17.410225142118602,6.82290067726143
24.679951954659817,0.32815790231470626,9.536446502782018
6.386776030602832,6.038155857308265,8.089943030822898
28.322870404692544,1.0812634657930926,1.0183060903997443
7.781343259697001,0.851136911022634,7.708073261743154
10.054551429963716,6.993048034140921,0.6074229409875431
16.193421577881637,0.30290147256910516,9.640416867286723
10.59275347421619,6.322060047316266,6.965206347378736
0.3322395402581988,3.0680926433835602,2.2287909070326006
24.29317582158857,1.6790472693205887,9.430509775395036
0.6439384382944567,4.51658494556967,2.3013829998433897
2.3286633843464584,5.557316073143279,1.9352040803524706
2.018313092074926,2.205434332697739,4.732944519768276
1.564603693217398,0.04811823897753088,2.9535937900056384
2.5362274391948687,13.810444335993557,2.013560654800266
20.19892207571175,2.554030775325063,1.7420119780669863
8.753770154343394,4.811403369617111,7.325983168400519
0.9624760107793355,7.530173876924612,2.1258459427323686
8.758950660688557,4.912571167967626,4.379239662093023
4.1567770467659155,16.46923054957811,7.511682269103006
15.234349581234788,2.638949771882246,0.8857850471710338
44.1285542364745,1.5501437727985614,3.5866423848036666
2.8464437591341083,2.6898700204068304,1.6171598851250246
12.226127786891281,4.969971463571597,2.108479228360145
6.302048952382195,9.338909874224106,7.94585805147719
2.18226517751603,0.340220601474039,3.097270693390164
11.780161905195321,0.05341840463298209,0.7613769421403227
10.96318210015571,2.797738894417539,0.8372034464264233
10.394740598781219,1.9371528348767892,9.65177000115679
16.67690987033111,1.1161223818086725,4.179902373120656
9.484657989970016,8.608267956898782,3.5238824043638406
2.6338004829340367,2.1022387974079484,8.121970145822115
13.31518547932009,5.527977852310815,4.926450202468033
25.253494092748273,2.9652781258349776,9.459749243853777
3.080352677408861,0.6574337518856719,1.8313853936156843
17.30771935424703,1.941300095678678,0.7019340857608014
13.252972475317797,5.76277661069437,8.849710726996967
2.194104649255072,3.658316134560726,2.591161880522818
6.738401735050723,3.886709710936228,3.038306975145706
26.914032750679265,4.07609954893468,9.872306031082957
4.21408832855248,0.9872605388438978,0.46502364905578686
2.0635953470841835,10.015354433140564,2.684086074608775
18.35498092028879,7.209310410187772,7.516152654493045
3.3026338146928214,3.1806932021439267,3.0627240215061393
0.43265913907955894,5.580675783289019,2.7088905681297106
8.549184689817332,3.4569149023686805,6.518336638861717
18.135800043388592,16.639685048739306,5.7733575390418155
5.083799237587446,11.243072902969784,4.630143687782148
11.366558796834871,0.3300360136970635,5.998096146721999
1.5212970688137963,0.5190370781150678,5.033856206734322
11.100286899672549,2.515255365996106,5.992714743288254
10.90005208375787,16.170075365281537,8.747426303571121
27.326503915242846,1.5142393001265533,6.357460504075901
39.66239780933485,1.4648830202458172,9.882916842178574
31.711427003855253,12.46472359513206,7.292056794925842
5.087077583867589,5.957839912505401,0.038384157359315774
38.15637561399761,18.012051458271173,3.668281420076843
10.313641547547467,21.813697253106596,6.905878319766902
35.50324111372078,15.707027354556045,0.302621016319663
12.36871975158077,19.70497038098394,8.797574612101121
0.6320464106249919,2.9091984677515144,9.090728051214235
12.018991384353587,4.754283309279732,8.813748840356538
9.559883966707538,1.7526841448892405,5.793676738113192
11.509167764205888,3.117439258761163,4.1982415031024445
13.08090843548875,18.315883105875212,1.1633735703980208
17.08349292216703,0.966667778216661,3.804954976431757
7.006820637829643,5.607633055676632,3.8866710217007814
25.055145486989684,17.759480805648774,2.6894194077539235
1.7648398072323026,2.3531506393472976,3.6936297975048307
1.8338251859462216,2.7324152332501233,0.9492224828948903
19.016328982560673,2.093898470307877,0.5336075241592408
14.770370012354515,2.6231273725478905,6.50244545042707
5.10875228671178,1.7371026984111035,9.166756384414391
18.762843792039586,4.498649521174049,0.44643641176584814
25.70103333671028,6.421056730294011,9.68198023981679
18.48067326715192,12.174251199297172,0.023582504545903715
14.579861819751622,17.029071066465974,7.033297826556747
9.616264769325536,3.433052238121661,3.3928657786894503
1.208064752461022,7.495999788303394,8.510011299200169
41.70043569556536,0.46704108111001796,9.974540950739554
2.852303657146526,4.144306284013887,1.150738760856762
13.146814721003,9.628809177973308,2.7809855278727413
2.4441753776514297,2.383321805740401,3.4099420753477427
13.566927769975868,1.3519139244605651,6.874661131776737
33.8745451596478,5.154206111145612,3.02632975500999
25.716789808217776,6.705150819538911,9.249755563925664
7.142861879826928,4.7192481781544755,9.75469831767088
2.4915002935130985,1.2485463822958478,4.929799488196381
5.0686350731255025,0.4657406609586057,9.772302034648387
25.896643359609858,2.9277447572244055,0.4510860424325047
0.8705587573602542,12.08196059332694,8.174432785276604
3.3709616551969908,0.9750817899191839,4.011054694846105
8.058193759921608,3.0314388112213226,8.165576784151211
2.5151374900665675,1.4167913936779946,4.388943123056833
0.30085255494692936,8.993693487307983,9.9790775505222
7.946089750344818,0.4413112470184887,9.40781411010001
0.20245013178132126,3.0432069020806702,0.3220905465235502
20.61231198524926,0.3067527501011807,1.2754959174539815
16.063561057275788,2.0340397673826978,6.680316780293714
0.4329946957014842,0.2155623618544543,8.505336842451953
19.64481925145003,8.631377029702561,3.724878479421063
2.5630572170298316,0.04643812022425937,0.8810584423376189
9.369855627639744,3.111352827799823,5.5555024976927285
16.53088496900729,3.416341171783006,0.8833218902934847
18.186672431864753,1.8660037705085644,1.4955366715195295
10.553504932573219,4.873201747466346,0.050398506238740204
6.08910130673653,3.6562742813033595,1.3592245749818999
4.896170765993835,4.200284149914497,6.099839734155168
0.23609327027831764,1.921539925562126,7.3230716665616855
3.1923263915598814,0.9287508973412091,4.155095224647896
6.325504921948298,9.992709002298998,3.8151568967643232
2.147175539690708,2.2726159355309328,9.3245955135464
0.38827931724885445,6.8451635677681155,3.2628535543098582
1.9593043284985994,2.201195831009569,2.3570093776050296
7.823881323876035,1.7893659476796044,4.507137441029369
3.203966042953022,0.3161560013090795,6.84801326853644
2.05642235648863,12.692655465075486,4.256209124369766
19.061088522033785,0.5350828040374956,3.761229048954131
6.357202550921167,0.24286289435108682,6.911535912184236
2.8833627524332126,6.66317613107265,4.26308039722309
44.93970840085046,1.1166655283249007,8.407282759383758
21.846882339610218,2.982908846973692,6.706575754338778
7.0452888110831315,0.926801147786029,4.186942589285963
2.5716556914976203,0.9969668170972955,2.3945831679776886
6.729776852727635,0.40355498048286337,9.48691531028851
7.6532095532616395,4.96556317584987,9.293165836618593
8.51546006142804,1.6345250855359008,1.2035452720590922
8.215606656269918,3.3568871802744553,9.568800254740474
9.871239951777364,3.134759316785964,0.0962086901127912
5.968264851984766,0.22143251450185145,8.543630278664338
3.6577999063593274,2.2975811394599583,8.687464438164486
2.03991487191571,6.331777473002226,9.712200171753544
35.30577887220319,18.73279959974986,6.853647084481755
7.22894509039287,3.8305695476698127,9.710675269221504
1.9970610847869377,2.9735687450963693,1.1024127914148552
6.69357805634204,0.2567690702542881,6.5839052729975265
13.28211728318118,0.028734147811767342,5.852865493451152
5.387639560151085,3.5849841779191243,1.5914741586538383
2.52016452540878,1.100248018585609,0.011277821110031727
11.878225898682972,14.715933072038192,7.4619590419341195
1.2565189114271804,3.0973735097237665,1.4681991468359457
6.647677766569022,4.604938675717284,1.3626614937272763
3.0623891234583436,13.598575427360245,7.181014114718597
0.1318993779799063,9.229617836875565,2.488331187380509
0.9832543389905457,2.610627695252373,0.6301974673785793
3.26943025267822,1.7570378791934618,4.354883136084879
1.1717012401876854,0.93947351125074,5.9392800803854335
38.46694208866649,0.43895974333721743,4.2117623484705655
1.3778491332689877,4.968235884415781,3.1938588147287383
12.901063643776583,0.0008826094451909949,5.988525944766949
10.173042725239439,6.342961092494274,1.7252353871662218
2.6880124898958773,3.4045557341988304,5.836893999103436
21.324880949649803,1.215999529291012,2.4362898547676783
55.12743802156332,2.1210021283538736,5.944575064475668
50.0882031988262,7.070297537223725,5.2938236224390085
6.231261188043743,6.26220144840717,0.4425944357284417
17.794784770965283,1.329461006146834,1.30559174565001
6.84793727246313,2.0998294120839893,1.9282459458275125
31.200878807454743,21.040653234546163,6.039119447245928
4.8329224406328,1.852771353358147,7.090568605646521
20.66710505632748,0.47002209150207475,9.796461043716818
11.9446590149507,9.349354936748739,7.668843687624342
2.491976068202875,0.22365471687142116,2.5021393960245253
14.08631095575932,6.25584220706917,4.94819484366531
4.680222185671415,0.7480930663674386,5.901403437694324
14.816425892791933,0.5659144820935076,2.6027139501263163
29.28920088357081,13.650554252111595,0.48013500335614356
10.930452617251705,1.4486419910668233,5.802436222155416
18.431518548647286,7.407776869539045,2.739822304304187
9.982650640168329,10.723365635152733,0.5474223864163041
9.33856276492117,5.992582774166876,4.045398035888904
14.204193590861866,2.2826145806738096,1.269709330409049
2.6107526810582216,0.24139108084627545,8.721234855354362
6.240283903785788,0.688463858733239,9.423762879995465
1.9079581965595804,4.914543596581808,7.513320967087596
8.92390716646028,5.083962008536816,8.399947784014257
5.265581532513944,1.2789035631677943,0.08139154470828691
7.08411936557339,17.135838822471214,2.6967020285412255
4.958377816275412,2.2765775218305935,5.919308539754607
29.845656343780153,7.9162768747947245,9.619081738935353
3.1147310993798016,1.5614651309613294,8.430362222526238
6.014049138687101,3.9033037748822763,5.9589461430256065
4.167522945856962,2.3566027441124944,3.486448617772455
29.88444388828135,1.8941275704930962,3.812160305263128
17.61755093496434,1.3010377668564364,8.218642900945877
18.88267789014956,7.38957395890854,5.756029532666994
20.24485569997104,5.8628716208953655,6.140165872308229
5.906336999025589,1.3339811222823117,5.421124776476268
9.96901510547312,0.25471784121003826,5.796336647353293
6.89871801756567,1.7645185694229568,8.60555085088087
8.125237678842808,7.013035330277654,4.010388526360932
39.73705594824831,1.1746906840067388,4.989081374988771
0.24321490491539058,4.952477093288018,8.564799298031412
12.137944954937192,0.8230779384311182,2.3337589307948603
27.070681631104986,5.113435634747012,5.737969419327333
4.9497945790482705,3.3415103690282253,8.887939471560593
7.4922652952001645,5.005208633263956,3.509092067379286
0.7741675129759379,1.8201210647226018,0.23309911561501195
16.81345202189252,5.020844933597458,5.219765480572081
2.4193100707470885,12.025474957182599,8.208038160519656
4.66003475981754,0.780566155433584,9.053331160804115
7.545138240269631,19.44065878813726,3.222931791909268
3.298965543257496,3.160544705950112,8.409839958052846
24.17477501112447,23.108731746233367,7.0682111155599205
6.652792127428761,9.647020400393219,9.0013072985356
1.9052765768398556,12.984976211521534,9.591767711276113
1.126098292865312,4.062900731820696,4.559925146465873
11.271269230081684,3.4342063594355787,4.141979446807316
0.7119393612154036,2.8243710243118714,8.601851340644203
1.4170765290679563,2.674768830790204,6.699079219777207
10.900015641836733,1.1813222361331013,0.9318705635405511
18.705970019988026,6.261786753698551,6.949726792761107
6.495296281453767,5.804303112465522,8.131379066404833
0.10397884495066648,3.2286323151540963,3.312592927332326
2.90129654018481,1.0038988372335447,4.808829204543173
17.652264141016087,0.36605175819053937,2.947566378066119
58.555102255796214,4.3057319141648644,0.28278661336207156
2.90129780606069,0.19617070962038102,6.778850806534013
13.83996030267896,2.3306008647782677,4.1446546815258625
2.7205203129370226,0.604913225985643,4.667721220804394
1.1073245514560974,4.153399264010887,2.455653418599353
15.533022261737692,4.176897918170042,5.179680250321379
29.33770646839821,0.7622173259288257,6.019373408436851
1.0665694709099975,11.560499023610085,6.21179659850979
27.574393345269222,0.5463177202215573,7.224714917679434
11.030298837135053,0.5594633219956816,3.4157309460788055
2.56316233516402,15.7062920502138,8.124861185763638
10.000947820202937,2.7508238148196957,7.907058198440321
1.9789840598423527,4.036970574652113,1.9460021936788907
6.592880246655194,6.873510042153439,5.088116149087414
30.573584844769872,3.9894217670506666,2.4010057577118324
15.54017837055335,11.285008435451275,5.2608451817770145
10.486637468354239,1.9122863210229903,1.786879832453463
16.609489615909048,5.167893632716059,1.9525719023187127
1.8998995276024417,5.67817017104262,0.7381866520951808
0.7840465586316594,24.207766124087264,8.83577238455
5.948020598057157,5.960062696188039,1.0346401281883733
2.4832751002270848,8.784674799416932,3.0753473822768984
49.89075943597612,0.3663011572735271,8.34536357408165
5.8580160168251885,13.975653531029513,7.771279904049937
2.416512328101236,3.2633716396567785,0.29581825594342415
0.25481094197903054,1.968360752659868,7.957291161605326
9.035661133834918,3.326816635455142,2.9992714558006583
0.30983197037545296,5.0666431271334496,4.064698124849585
7.821759409933039,5.870965733586491,9.02483518040163
7.972358346959049,1.5789379398550951,2.6669709315286783
1.9454176765909934,7.291382512310427,2.7201991916877475
3.627300188376228,12.649030030569007,3.1747505155836975
3.7940137381258787,23.369052194947177,2.0228028465888026
4.550967808423625,8.855584764894637,9.208280810975111
8.072578762861962,12.721738537487816,3.1916740188698056
1.5134071228614836,2.893608385230216,6.695021628322638
3.2582249404081534,3.3162049748265163,2.345422306835455
0.627748773371199,5.528167059127415,1.9065954398641882
27.29767970748821,2.518020878314342,4.9954761918063735
2.992642315407383,1.0291321656338157,6.296118168048672
2.845441634892563,7.336032990545933,0.6120508194054053
0.7587030754607899,14.924390803136586,9.334800826747266
1.967642629542468,14.969539532807802,8.250493878360896
1.9100239008278712,13.140820899210281,8.553983199041738
10.136787265699397,11.397107446252559,1.6253832630637777
3.882751694513627,7.087413515888085,8.181854324962899
44.40234208282682,1.862325562345625,9.484012305516762
13.193907169994645,5.291676974221464,8.136312583278432
21.518493175939014,11.299524827903575,9.568934174745369
17.26512915441791,2.9458254506921917,3.444357017531219
4.734982126132846,2.24963723077847,5.549857368051631
1.9245953951845314,2.4003126649535074,5.978778352829447
3.67797643005169,5.145979068647154,7.768975409557793
15.269851693842176,0.016572268535962265,1.4426909531889887
5.524798498221218,2.0967154072377863,6.3741039268970265
5.334053756028052,4.740430410724873,4.437940175123761
41.51000174458301,9.97435719605042,8.317461643997866
12.255621980401497,2.5089720338650134,9.577518229693599
24.91266023769981,1.5946699415425467,8.233915144844097
14.51875618218435,1.6575678159089797,7.381848787375684
5.541603424320876,3.5980760533264515,8.599576515405504
31.270228311740716,20.911077436506588,8.104405260425185
3.067404037331843,0.9742569252469693,8.261925604849889
0.8183403336445978,1.7489120013162047,6.87299748540283
12.556608693784792,11.423444428324673,9.698160824351469
0.07633337231852617,3.9898769622011976,9.358390498822121
10.713564307169205,2.2360091587519246,8.445495132441215
11.232244919403197,0.4643679200316919,6.228362475953518
0.08302240915277918,0.23050895989148612,4.482093545802638
1.917503059647379,2.0101584417949754,9.368216262618443
9.364074893789562,10.292690710221331,7.879980547502875
11.009442735706518,5.247265187741564,2.9643936825337436
6.84836077422048,1.1710121821011783,1.0516810239806762
0.13279257977460793,11.367030916987504,2.0859543102961475
30.08760839283346,3.7486096265142246,7.8366171237633555
2.401527786135987,3.9806381822551935,6.23465962108921
31.473413152958692,2.8434110712087026,2.4440434897542316
3.450694506115965,0.7103877408512492,3.3490855141961284
7.928830717877235,4.97053679750282,3.2863681002287115
20.788882995882084,1.2727724706199677,9.721635746212282
0.7372965371918178,2.1236487958868437,8.147954442981058
5.757232211194219,15.335107316703443,1.4729888017461368
2.005855199250717,18.225235490440888,0.5964728451524304
18.328025730250395,0.076492448323612,1.3172604460604576
53.39292526295143,5.696133999134931,9.518762987389232
13.364798133920086,9.223420611500764,6.558153905483097
1.1782589060880926,2.921236884068538,4.631044661171252
9.216620310543325,10.990365166442498,1.4953837396494052
15.429538581130345,0.4232382254204215,2.947581400750284
7.120687401140478,5.377579430633825,0.6424543191003884
10.188436882031183,2.0424671467199107,5.925936367067463
13.816051154432952,1.8240685105464989,7.791180751255149
24.619999650658034,6.580722137853309,5.251987644588851
3.9870167990402705,0.37751019197194435,9.155584628823789
3.2024454975634367,2.016134197086987,7.40941130740176
6.99770097286871,1.4916151909263553,9.378681263580312
1.2373234322545554,8.58985485348365,4.497691667773537
38.2570769380293,15.391710388090292,3.809022598423477
2.040914893678348,2.288952327186247,9.991445489150708
10.694754970867674,1.4947916543719777,4.460809225586562
0.7917115433406365,0.9387962142754335,7.775479980510699
0.28475081759629106,3.5150969173739437,8.45920623280642
4.107997321274068,5.6780308842171925,9.859154836040824
5.817493159944217,0.2859206125445048,3.764570285336859
16.018280394244734,0.03623151319918988,9.825749521037622
5.020164569338355,9.688862474416233,3.974487601099711
26.68225799995925,6.534531970665936,8.162421134104408
8.55830738792091,9.345529219795685,5.846803028664073
4.111061141380138,3.006120014246288,0.04665492319617437
27.482166614690982,24.7345023511733,8.384139077058922
7.247267260747496,1.665454248708706,4.2764572132084835
10.626175129658765,0.4980740613888934,7.428970185070407
2.0501550664204324,11.620261266508392,7.593699795470305
23.927022878741102,1.1707178439230368,3.9912549921082316
4.197460515695032,0.2705300148113645,6.563730118627084
13.690052464707387,5.561294969509419,4.318376297088231
13.429970628775543,2.8388928437635954,4.961380108769994
0.895970740637386,1.2268706442196786,3.2620649591971675
8.9078397263655,0.8998126192762113,7.336752263109232
7.371802956633773,5.573104365060759,4.3714571804799105
19.213018819006447,0.8550418556964217,0.9242862274932917
6.4263215991918745,16.651402536970632,3.2004050374768847
14.831564762396194,3.850976774932493,6.463010392904554
5.803939202002995,1.1517203512749208,3.406023175120848
8.726564062458994,2.6468745607642963,5.845027767229693
0.16100223171645495,2.9278499532209374,1.3577865645810783
6.734173526259408,4.166919462410094,8.586316954367945
10.555344974028403,7.02609155300723,5.757595754405265
10.138168885210101,9.607589073806835,1.5190164711878684
4.183936957945996,1.3799985989028065,6.677337918247256
45.04658773512059,1.433184441328529,4.685989996138562
5.326333881808306,3.0902906187269323,2.1133859632088168
15.799008673038056,4.510800102969428,7.371465718675444
3.936642788888076,4.640219434908859,0.7078201091340541
19.795947486721385,2.9968577635784657,3.4405058668185795
4.9179878095038445,0.019859349051437464,0.41589291017442687
2.7236151512453177,2.762490459350567,1.2205087413656368
11.248193869909564,3.679522742147678,9.246143595647931
2.446268690600478,0.6117387634586856,0.6741883135298643
2.383060914671744,0.14509327896623128,9.96606167678023
3.861766819047961,5.273130278735732,8.61261180250305
14.55425855801076,1.8919668037689887,3.789505647183452
2.5256872140166675,3.1051658967753832,3.7823976059496944
12.299181984754057,3.567399827768078,2.6997095058278973
1.9034315186837347,6.879633368378601,6.880028861424458
3.3800435815205754,0.4650760850249138,3.7421353800625767
36.47731853358903,0.5799753865488828,6.875781652848481
15.229488971032959,3.2268403781910147,3.9192912368286126
11.60098873415147,19.35351275507381,2.1172882697431348
8.75648172573328,16.164098447896833,6.677969122597622
10.860689517868568,14.247529001345558,0.9829030085503732
0.8214113686894113,5.495465176934152,3.6069536825980597
7.491160324565671,0.015112709621401398,7.836667006126036
7.399835427136514,6.8774263020426805,9.532017232752047
14.18208713812061,16.90156787177448,3.9851717901084793
14.594446670907699,10.825143242132373,8.195211844711416
9.266499026173477,5.928092081983679,9.597902846503844
8.83127412982344,12.390431900995427,6.486992159723391
6.498260254702703,2.2123560617314824,1.3045649346398547
0.675128987969137,8.321579071232406,8.144750181121335
0.5565478989321103,38.02512052082777,3.522121136329069
14.10371461729168,6.171121145669583,8.110485934083355
13.029822995826713,9.53335315402412,8.259844616850032
10.477856401582555,0.7469628620986153,7.979781675698404
3.7330755911209215,0.25318507290482556,2.913339228339993
39.04729858243778,1.518210386968779,5.48206552428057
1.490550291267044,0.3178541712439045,5.619256113417422
5.784438880040134,29.952070349851653,2.7396541287058183
46.87648062151151,1.983770139632324,1.754566090870252
6.900625731419767,11.367635738918247,4.418249685798578
45.603396746842975,1.3673350505187405,7.150007499141652
39.231414039095924,6.004392083131057,2.590810789832172
10.989610365761743,5.710834166302091,8.02303041087905
17.54034513954189,0.9137000333142142,5.046571786502053
1.5250895100450474,6.136582863323973,4.234986882093079
13.442791305317796,5.691424642952615,1.8926843675364358
14.079814929275258,3.295729102547425,0.9471564574349223
7.471331022384565,0.6220884437351806,9.724305474308794
2.815535163463019,18.13688866011602,3.7996313268319604
0.6645559895415796,2.7327162739022675,5.037919062001157
1.5386757165283227,1.841822232535547,9.148626145316674
2.3870799853405873,3.677974378206325,0.5349570947634619
11.130337719824638,2.445127371994816,2.056364968832022
5.660577666624955,0.2275503614540273,0.49167785564550703
11.289978520721878,6.389829682415518,2.79559051559378
1.9864697389318748,1.884236716086577,8.802528813293156
6.835744899165494,7.0907487013598995,8.399988896316072
5.427353403085009,8.260421758433056,7.6615050670295926
0.6401205216920913,2.614240747390327,6.643791682224638
1.9101983076880913,0.4376641515308278,3.5686670444115287
4.454187915706942,1.3729448012330723,8.85187138479749
13.703008768822386,43.225846851905594,1.1537825654877276
2.536199638020733,0.6011610233733851,3.4327910695291664
1.6895760489516305,3.0612407958657792,2.348550339479445
3.0264758817376642,2.42149338446072,5.991333771752774
2.7908902447669575,12.054166632357122,8.177106381499815
7.624861229753624,2.720255688661693,7.945299130048528
2.186407651302959,0.7201113786377729,3.340455319417047
8.00565675749323,5.024701790090207,1.914882882987694
5.2874151685217,1.4187164648432864,3.805349093530653
12.371048689307159,2.289052303709546,2.899648623602933
0.8843373476078793,13.796400291604387,0.41845418614987806
27.395622396799602,5.024978617312463,6.959603600595441
9.134993797453173,0.4612905259096943,0.18565217994970684
7.170762346123603,3.4764973094362714,9.552677718459755
1.2983595417718519,2.3426609710678283,9.977249457136129
5.203858062602227,0.6737174707504218,2.792750930441409
4.436663497970316,0.043954261886260296,7.540649945267734
1.0401568650116209,11.4765377165115,7.543841268391963
9.293923273557125,5.040575678396629,4.590995377431715
2.349772804462762,0.634808924040286,8.319374370597068
17.28707148533553,3.2145448610721368,1.2804416837357946
7.94218055067724,0.6356170362760273,7.508548587354395
14.36378756937044,7.7738409238574215,6.030755677027605
7.553415706175722,0.5431203194903856,9.60485206776263
8.767507100338856,13.698906831915316,4.025007596359047
38.13087909786712,4.405858554122759,1.6466388892116235
0.15497442361975183,4.979509194237443,9.123830008128408
7.796359199668514,1.048027581122802,4.935206487565126
3.6076461205247012,2.018225282738536,4.661948836667703
11.556911330293829,8.857400487075742,5.476640779225371
2.77501593850388,3.2057833307978782,1.6941126115093452
1.6769425546812213,4.120845984867848,6.119585574185509
26.132010715279787,17.960345928559413,8.884415047177649
39.371904281762674,0.3493097960742151,3.4860583069260107
28.25339784559668,0.46112176409351646,6.014014175558119
12.37586307744295,2.463034309922279,0.5623303951460867
0.1689800781532208,10.41119284037026,7.861736446119545
8.872254399843797,0.5582735940822926,8.153669625245879
2.3888929822622624,2.375238216143623,1.2604563696464643
0.06443812683023831,0.21158817294257853,6.228976091978922
7.457502877310792,6.368618160380813,4.424269071416584
12.277916750427146,4.450913556103827,9.412825607793295
7.6789553096917675,2.7085224228289855,1.8377703819624158
18.888497888986667,2.2364720935291147,0.4394636157296572
8.425773625816941,1.5415629322673072,4.454436195377385
2.358971291471785,1.4340647212118485,2.6642133837871764
1.3825336513104753,16.769339863092622,8.60988406628261
3.527608521007953,0.290760400306233,0.2650752372266252
8.137039784825232,3.2329014207006472,3.7815555689816804
8.916825657869628,0.30183136670804644,0.6871270412375685
4.373518922070307,1.625688715804593,9.720605023269414
6.044969757919222,0.21198304265238002,8.747286010495095
7.66703531020713,8.451394065959326,4.50660906170919
18.34189757886816,6.002844298399902,0.8602774778332933
4.665039202028197,4.883523365752083,3.9937176259940377
1.6357016009265348,5.723670229229654,1.7160589439340124
3.5012812004326657,7.35865826660549,1.1181898413869407
7.876416233365156,0.244164803816477,9.41180988283678
4.481563959231998,2.063558450181139,7.0034338037407355
6.354453491182987,6.390708487116052,7.505449306202262
12.024471521795997,7.11102879350665,1.3084370361115372
14.532227925296047,1.1983930563804155,0.32817608520035346
14.885734272525006,11.475928484210844,0.5789076006462646
12.466736987574027,6.757906599318013,1.7152762760509832
14.694309929787543,1.4843627444003236,1.8988584072477266
44.960440311829935,7.524317395853196,5.425226033981017
11.542499580366883,2.4413079865749223,0.7581205110686662
1.3985498326986157,11.787559292789314,4.659246310665526
1.8412975027014062,1.0844667101476413,2.4034275439705066
0.747639482834383,0.8578212240216645,0.14177096662995936
3.504517234164377,2.30908896703658,7.144871326198757
6.323748104286851,3.1411293478651707,5.536507669369836
12.52890600702119,2.0545193619979902,5.87300590187125
0.08614281392921987,0.5841973012391519,6.798544497598684
0.1832032563222696,2.861315025709763,7.267260836501342
12.847035896869956,7.514388264486476,7.781435422560133
8.416426469078493,1.870881272325997,8.943681088222785
7.517309795884673,2.5112987415235994,9.393877721673693
15.779294796366624,10.377484293395918,4.565794374484097
3.177877046421594,2.9040796975081284,9.089522910046476
10.467415617838256,5.331767151847878,7.31269725475943
8.302476177711746,2.1429217419207673,1.333592629484911
6.403072673069539,4.385662103316954,2.7485818443892587
5.677341454996481,5.823329577938318,6.574527087779865
9.995510071964022,5.927413528100112,3.8131871291447714
0.15349674460485133,0.11004164847301778,8.762053893620052
7.087659896181695,3.709065583015306,8.765826721285732
3.02670969522881,0.7737114156948733,3.2117675303534154
2.561091461194728,3.5295915860758975,4.626154559839001
15.401830109767365,2.886068208096239,3.6938912521415213
18.832241770070027,8.836751194915223,2.5511344847030926
14.806440483656653,4.936884419329362,3.1392040207590832
8.51989220752973,0.06030717353584427,3.1792184733920728
25.57064705462407,2.2195145322975858,8.747640612524313
13.354614899825005,3.0550345825105873,7.983393872421532
18.60987814945936,4.561978798564439,2.3958168974523986
8.475214461535469,2.917030520417947,3.4187426560101497
6.562222415002709,0.947404423175046,4.548190370287516
16.223699883675035,3.3234281416537534,7.787846816860213
5.472011402801447,4.7482220626724905,3.797916389449809
19.59382006979788,7.004800715214059,4.603272739043829
2.1900947503194246,8.788779150819822,2.5809951965376
